{
  "Dot-com (2000)": {
    "0": 0.0,
    "1": -0.16225467216873488,
    "2": -0.6336744269811161,
    "3": -1.2883067563125852,
    "4": -1.2526988678626836,
    "5": -1.8363478628637417,
    "6": -2.4974248511807735,
    "7": -2.0169714416047353,
    "8": -1.6451687489842284,
    "9": -1.5511242845487592,
    "10": -2.0577224230979025,
    "11": -2.418803401009718,
    "12": -2.3856285694130754,
    "13": -1.7559873503179495,
    "14": -1.0828920611147197,
    "15": -0.9816072997902991,
    "16": -1.509587303406637,
    "17": -1.6840120388094852,
    "18": -2.6167141529005167,
    "19": -4.087402545721944,
    "20": -5.28899822396207,
    "21": -8.205722443055508,
    "22": -10.760322503832422,
    "23": -8.737539154645605,
    "24": -6.875900672789039,
    "25": -5.815818584932624,
    "26": -6.4531238628365735,
    "27": -6.27402477483102,
    "28": -6.1679786354982475,
    "29": -6.378913560603436,
    "30": -4.3547846709384785,
    "31": -3.6427212363556984,
    "32": -4.343909386709163,
    "33": -4.166777747549,
    "34": -4.427204908367171,
    "35": -4.813184107838241,
    "36": -4.100162550446101,
    "37": -4.555471802337289,
    "38": -5.642400565205233,
    "39": -7.0481694109941575,
    "40": -7.5506671951514335,
    "41": -7.37665349114073,
    "42": -6.337312485069343,
    "43": -6.542327955736741,
    "44": -6.991748354647963,
    "45": -7.533954381647008,
    "46": -8.822619721183868,
    "47": -8.875907862926846,
    "48": -7.794324315329493,
    "49": -7.201644436562922,
    "50": -6.1046260276800846,
    "51": -4.817645615655567,
    "52": -4.20107125921009,
    "53": -4.603117147704077,
    "54": -5.337127811295289,
    "55": -5.814434170161602,
    "56": -7.0035641718722905,
    "57": -7.987948734677266,
    "58": -8.268740482966697,
    "59": -9.384330482880626,
    "60": -9.550390980449539,
    "61": -8.415048422220806,
    "62": -9.191090911000455,
    "63": -9.639627401661444,
    "64": -9.608156894564193,
    "65": -7.605653316209633,
    "66": -6.927762152079055,
    "67": -6.763909216369078,
    "68": -5.4924512131078105,
    "69": -4.213101889030083,
    "70": -3.406887768416107,
    "71": -3.840922180023697,
    "72": -4.2809059246578105,
    "73": -4.331050710355256,
    "74": -3.721689262092384,
    "75": -4.074431864819649,
    "76": -4.406527077626865,
    "77": -4.623365674528208,
    "78": -5.116891448590797,
    "79": -4.739255804866039,
    "80": -3.7930354365427754,
    "81": -3.7434528823538824,
    "82": -3.4839491466291133,
    "83": -3.3217121044341082,
    "84": -3.964876838642005,
    "85": -3.394598672739755,
    "86": -2.8498667805291493,
    "87": -3.302833012927234,
    "88": -3.2509074794046335,
    "89": -3.6428456099972593,
    "90": -4.857508150887041,
    "91": -5.382539491197383,
    "92": -5.324108296570543,
    "93": -4.731351552724877,
    "94": -4.945890181002915,
    "95": -4.922771944240348,
    "96": -4.829215295957325,
    "97": -5.389445340657535,
    "98": -5.195801243206952,
    "99": -4.617642398727511,
    "100": -3.9442780817474405,
    "101": -4.604790750267456,
    "102": -5.166853910641902,
    "103": -4.696309309331976,
    "104": -3.764197658803111,
    "105": -3.2406376381912416,
    "106": -3.3884719958316745,
    "107": -3.165445599425387,
    "108": -2.7722341349440622,
    "109": -2.253580066157043,
    "110": -2.1219761273867017,
    "111": -1.6839983846157098,
    "112": -1.140858732037318,
    "113": -1.117872057447749,
    "114": -1.6400019217394144,
    "115": -2.339350289959338,
    "116": -2.8702885549767063,
    "117": -2.490754938157248,
    "118": -2.32559144080084,
    "119": -3.018784377986943,
    "120": -3.7328440557002267,
    "121": -3.934675689653493,
    "122": -3.4758555027883657,
    "123": -4.44846248011157,
    "124": -4.9799714904289205,
    "125": -5.2036278270811485,
    "126": -6.543589201647999,
    "127": -6.732885643161731,
    "128": -6.2687874678506805,
    "129": -5.941120069129674,
    "130": -5.8306932628386265,
    "131": -5.642243140382843,
    "132": -5.017553574502322,
    "133": -4.521462097109837,
    "134": -3.9550525257397506,
    "135": -3.2163428918376344,
    "136": -3.008525379809793,
    "137": -3.1296137821975076,
    "138": -3.578056661312324,
    "139": -4.146853066073787,
    "140": -4.110329824568578,
    "141": -3.550512176679906,
    "142": -2.661706930169341,
    "143": -2.5590653435772186,
    "144": -2.85777211697393,
    "145": -3.0642010376538296,
    "146": -2.572652149894097,
    "147": -2.112289842319795,
    "148": -2.3083478004335536,
    "149": -2.046244306213245,
    "150": -1.8553364690366039,
    "151": -1.9161812833702676,
    "152": -1.5900360461398775,
    "153": -1.3560997481071118,
    "154": -1.2561567522778514,
    "155": -1.3399937430379874,
    "156": -1.1769237548630673,
    "157": -0.8990782603160206,
    "158": -1.0906302140044906,
    "159": -1.3729822350489358,
    "160": -1.4792602145601974,
    "161": -0.7991341400237415,
    "162": -0.5335343288487143,
    "163": -0.6316431247001115,
    "164": -1.248668631771808,
    "165": -1.909945131955587,
    "166": -2.116109281754359,
    "167": -1.6536798898794776,
    "168": -1.9786359673098768,
    "169": -2.27677601134597,
    "170": -2.5176228173285327,
    "171": -2.8452902160495377,
    "172": -2.898061988311297,
    "173": -2.8122479104513376,
    "174": -2.9943367046630103,
    "175": -3.5208374771803435,
    "176": -4.2673505631460085,
    "177": -5.2273660847194545,
    "178": -4.883766731740637,
    "179": -4.552567354523506,
    "180": -4.938378165657762,
    "181": -5.074591720088539,
    "182": -5.139759893925998,
    "183": -5.154636860917427,
    "184": -5.5821348894847675,
    "185": -6.069326964965946,
    "186": -6.56528904879267,
    "187": -6.5941351796861865,
    "188": -5.718070099159445,
    "189": -4.693230168156583,
    "190": -5.6748789124409384,
    "191": -5.963354678757766,
    "192": -6.088370469029673,
    "193": -6.5287154875674425,
    "194": -6.325258241525984,
    "195": -6.066108671492213,
    "196": -5.977765676306786,
    "197": -7.0826589808141645,
    "198": -7.897974665726141,
    "199": -8.211667398708155
  },
  "Great Recession (2008)": {
    "0": 0.0,
    "1": -0.11788404138417578,
    "2": -0.36531438779879866,
    "3": -0.6553509438934692,
    "4": -0.33029596865518085,
    "5": -0.5838773934231977,
    "6": -1.135361116778288,
    "7": -1.5831325468485207,
    "8": -1.6129180853861442,
    "9": -1.5421766083205026,
    "10": -1.593201524980663,
    "11": -3.045684894824525,
    "12": -4.027127372519678,
    "13": -3.7764110241528965,
    "14": -3.2174327879905382,
    "15": -2.988330457163545,
    "16": -3.1493677938670013,
    "17": -3.2144657723567187,
    "18": -2.7196036686038383,
    "19": -1.8791621970418573,
    "20": -1.6284458486750748,
    "21": -1.8352617000812,
    "22": -2.0096750239541823,
    "23": -1.2020981966079303,
    "24": -2.3745858875935406,
    "25": -3.606982571864844,
    "26": -3.553756222411811,
    "27": -3.826967161435532,
    "28": -3.704275868075069,
    "29": -2.9081357525552005,
    "30": -4.73107123184318,
    "31": -5.738777229953625,
    "32": -5.815115605922932,
    "33": -6.74189733432908,
    "34": -7.4983343723159415,
    "35": -7.793012240090572,
    "36": -5.9513311510115,
    "37": -5.6892723483555745,
    "38": -6.2418603938008355,
    "39": -7.096499558780075,
    "40": -7.022902685817024,
    "41": -7.1666979870157705,
    "42": -8.287012504656774,
    "43": -8.17829966285772,
    "44": -8.442204698281559,
    "45": -9.450793817010162,
    "46": -8.45839896621845,
    "47": -8.714512332640686,
    "48": -10.029700016969224,
    "49": -9.10556000791451,
    "50": -7.647965763166708,
    "51": -6.136959514930977,
    "52": -6.106171671920415,
    "53": -5.74152625788593,
    "54": -5.465525452529153,
    "55": -5.849079477226816,
    "56": -6.264773166546074,
    "57": -6.197514162548687,
    "58": -5.2201531733892175,
    "59": -4.238448773398273,